"","YEAR","INJURY","AUTOMOBILE","ALCOHOL"
"1",2006,"Major","Yes","Yes"
"2",2006,"Minor","Yes","Yes"
"3",2006,"Minor","Yes","Yes"
"4",2006,"Minor","Yes","Yes"
"5",2006,"Minor","Yes","Yes"
"6",2006,"Minor","Yes","Yes"
"7",2006,"None","Yes","Yes"
"8",2006,"None","Yes","Yes"
"9",2006,"Major","Yes","Yes"
"10",2006,"Minor","Yes","Yes"
"11",2006,"Major","Yes","Yes"
"12",2006,"None","Yes","Yes"
"13",2006,"None","Yes","Yes"
"14",2006,"Major","Yes","Yes"
"15",2006,"None","Yes","Yes"
"16",2006,"Minor","Yes","Yes"
"17",2006,"None","Yes","Yes"
"18",2006,"None","Yes","Yes"
"19",2006,"Minor","Yes","Yes"
"20",2006,"Minor","Yes","Yes"
"21",2006,"Major","Yes","Yes"
"22",2006,"Minor","Yes","Yes"
"23",2006,"Minor","Yes","Yes"
"24",2006,"Minor","Yes","Yes"
"25",2006,"None","Yes","Yes"
"26",2006,"Minor","Yes","Yes"
"27",2006,"Minor","Yes","Yes"
"28",2006,"None","Yes","Yes"
"29",2006,"Fatal","Yes","Yes"
"30",2006,"None","Yes","Yes"
"31",2006,"Major","Yes","Yes"
"32",2006,"None","Yes","Yes"
"33",2006,"Major","Yes","Yes"
"34",2006,"Major","Yes","Yes"
"35",2006,"None","Yes","Yes"
"36",2006,"None","Yes","Yes"
"37",2006,"Fatal","Yes","Yes"
"38",2006,"Minor","Yes","Yes"
"39",2006,"Minor","Yes","Yes"
"40",2006,"None","Yes","Yes"
"41",2006,"Minor","Yes","Yes"
"42",2006,"None","Yes","Yes"
"43",2006,"None","Yes","Yes"
"44",2006,"None","Yes","Yes"
"45",2006,"Major","Yes","Yes"
"46",2006,"None","Yes","Yes"
"47",2006,"Major","Yes","Yes"
"48",2006,"Major","Yes","Yes"
"49",2006,"Minor","Yes","Yes"
"50",2006,"None","Yes","Yes"
"51",2006,"Minor","Yes","Yes"
"52",2006,"None","Yes","Yes"
"53",2006,"Major","Yes","Yes"
"54",2006,"Major","Yes","Yes"
"55",2006,"None","Yes","Yes"
"56",2006,"None","Yes","Yes"
"57",2006,"Minor","Yes","Yes"
"58",2006,"Major","Yes","Yes"
"59",2006,"Minor","Yes","Yes"
"60",2006,"None","Yes","Yes"
"61",2006,"None","Yes","Yes"
"62",2006,"Minor","Yes","Yes"
"63",2006,"Major","Yes","Yes"
"64",2006,"Major","Yes","Yes"
"65",2006,"None","Yes","Yes"
"66",2006,"Minor","Yes","Yes"
"67",2006,"None","Yes","Yes"
"68",2006,"Minor","Yes","Yes"
"69",2006,"Minor","Yes","Yes"
"70",2006,"Major","Yes","Yes"
"71",2006,"Major","Yes","Yes"
"72",2006,"None","Yes","Yes"
"73",2006,"None","Yes","Yes"
"74",2006,"Minor","Yes","Yes"
"75",2007,"None","Yes","Yes"
"76",2007,"Major","Yes","Yes"
"77",2007,"Minimal","Yes","Yes"
"78",2007,"None","Yes","Yes"
"79",2007,"None","Yes","Yes"
"80",2007,"None","Yes","Yes"
"81",2007,"None","Yes","Yes"
"82",2007,"Fatal","Yes","Yes"
"83",2007,"None","Yes","Yes"
"84",2007,"None","Yes","Yes"
"85",2007,"None","Yes","Yes"
"86",2007,"Major","Yes","Yes"
"87",2007,"None","Yes","Yes"
"88",2007,"None","Yes","Yes"
"89",2007,"None","Yes","Yes"
"90",2006,"Minor","Yes","Yes"
"91",2006,"Major","Yes","Yes"
"92",2006,"Major","Yes","Yes"
"93",2006,"None","Yes","Yes"
"94",2006,"Minor","Yes","Yes"
"95",2006,"Major","Yes","Yes"
"96",2007,"None","Yes","Yes"
"97",2007,"None","Yes","Yes"
"98",2007,"Major","Yes","Yes"
"99",2007,"None","Yes","Yes"
"100",2007,"Minor","Yes","Yes"
"101",2007,"Minor","Yes","Yes"
"102",2007,"None","Yes","Yes"
"103",2007,"Major","Yes","Yes"
"104",2006,"None","Yes","Yes"
"105",2006,"Major","Yes","Yes"
"106",2006,"Minimal","Yes","Yes"
"107",2006,"Minimal","Yes","Yes"
"108",2006,"Minimal","Yes","Yes"
"109",2006,"Major","Yes","Yes"
"110",2006,"Minor","Yes","Yes"
"111",2006,"None","Yes","Yes"
"112",2006,"None","Yes","Yes"
"113",2006,"None","Yes","Yes"
"114",2006,"None","Yes","Yes"
"115",2006,"None","Yes","Yes"
"116",2006,"Major","Yes","Yes"
"117",2006,"Major","Yes","Yes"
"118",2006,"Major","Yes","Yes"
"119",2007,"Fatal","Yes","Yes"
"120",2007,"Minor","Yes","Yes"
"121",2007,"None","Yes","Yes"
"122",2007,"Minor","Yes","Yes"
"123",2007,"None","Yes","Yes"
"124",2007,"None","Yes","Yes"
"125",2007,"Minor","Yes","Yes"
"126",2007,"Minor","Yes","Yes"
"127",2007,"Major","Yes","Yes"
"128",2007,"None","Yes","Yes"
"129",2007,"None","Yes","Yes"
"130",2007,"None","Yes","Yes"
"131",2007,"None","Yes","Yes"
"132",2007,"Major","Yes","Yes"
"133",2007,"Minimal","Yes","Yes"
"134",2007,"Major","Yes","Yes"
"135",2007,"None","Yes","Yes"
"136",2007,"Fatal","Yes","Yes"
"137",2007,"Fatal","Yes","Yes"
"138",2007,"None","Yes","Yes"
"139",2007,"Major","Yes","Yes"
"140",2007,"None","Yes","Yes"
"141",2007,"None","Yes","Yes"
"142",2007,"None","Yes","Yes"
"143",2007,"None","Yes","Yes"
"144",2007,"None","Yes","Yes"
"145",2007,"None","Yes","Yes"
"146",2007,"Major","Yes","Yes"
"147",2007,"None","Yes","Yes"
"148",2007,"Major","Yes","Yes"
"149",2008,"Major","Yes","Yes"
"150",2008,"Major","Yes","Yes"
"151",2008,"None","Yes","Yes"
"152",2008,"Major","Yes","Yes"
"153",2007,"None","Yes","Yes"
"154",2007,"Major","Yes","Yes"
"155",2007,"Fatal","Yes","Yes"
"156",2007,"Minor","Yes","Yes"
"157",2007,"Minor","Yes","Yes"
"158",2007,"Major","Yes","Yes"
"159",2007,"None","Yes","Yes"
"160",2007,"Minimal","Yes","Yes"
"161",2007,"None","Yes","Yes"
"162",2007,"None","Yes","Yes"
"163",2007,"Major","Yes","Yes"
"164",2007,"None","Yes","Yes"
"165",2007,"Minimal","Yes","Yes"
"166",2007,"None","Yes","Yes"
"167",2007,"None","Yes","Yes"
"168",2007,"Minimal","Yes","Yes"
"169",2007,"Minimal","Yes","Yes"
"170",2007,"Major","Yes","Yes"
"171",2007,"None","Yes","Yes"
"172",2007,"None","Yes","Yes"
"173",2007,"None","Yes","Yes"
"174",2007,"None","Yes","Yes"
"175",2007,"Major","Yes","Yes"
"176",2007,"Major","Yes","Yes"
"177",2007,"None","Yes","Yes"
"178",2007,"None","Yes","Yes"
"179",2007,"Major","Yes","Yes"
"180",2007,"None","Yes","Yes"
"181",2007,"None","Yes","Yes"
"182",2007,"Minimal","Yes","Yes"
"183",2008,"Minor","Yes","Yes"
"184",2008,"None","Yes","Yes"
"185",2008,"None","Yes","Yes"
"186",2008,"None","Yes","Yes"
"187",2008,"Major","Yes","Yes"
"188",2008,"Fatal","Yes","Yes"
"189",2008,"Minor","Yes","Yes"
"190",2008,"Minor","Yes","Yes"
"191",2008,"Major","Yes","Yes"
"192",2008,"Major","Yes","Yes"
"193",2008,"Major","Yes","Yes"
"194",2008,"Minor","Yes","Yes"
"195",2008,"None","Yes","Yes"
"196",2008,"Major","Yes","Yes"
"197",2008,"Minimal","Yes","Yes"
"198",2008,"Minimal","Yes","Yes"
"199",2008,"None","Yes","Yes"
"200",2008,"None","Yes","Yes"
"201",2008,"Fatal","Yes","Yes"
"202",2008,"None","Yes","Yes"
"203",2008,"Major","Yes","Yes"
"204",2008,"Minor","Yes","Yes"
"205",2008,"None","Yes","Yes"
"206",2008,"None","Yes","Yes"
"207",2008,"Minimal","Yes","Yes"
"208",2008,"Major","Yes","Yes"
"209",2008,"None","Yes","Yes"
"210",2008,"None","Yes","Yes"
"211",2008,"None","Yes","Yes"
"212",2008,"Major","Yes","Yes"
"213",2008,"None","Yes","Yes"
"214",2008,"None","Yes","Yes"
"215",2008,"None","Yes","Yes"
"216",2008,"Major","Yes","Yes"
"217",2008,"Minor","Yes","Yes"
"218",2008,"Minor","Yes","Yes"
"219",2008,"None","Yes","Yes"
"220",2008,"None","Yes","Yes"
"221",2008,"Major","Yes","Yes"
"222",2008,"None","Yes","Yes"
"223",2008,"Major","Yes","Yes"
"224",2008,"Major","Yes","Yes"
"225",2008,"None","Yes","Yes"
"226",2008,"None","Yes","Yes"
"227",2008,"Major","Yes","Yes"
"228",2008,"Minor","Yes","Yes"
"229",2008,"Minor","Yes","Yes"
"230",2008,"None","Yes","Yes"
"231",2008,"Minor","Yes","Yes"
"232",2008,"Minor","Yes","Yes"
"233",2008,"Fatal","Yes","Yes"
"234",2008,"Minor","Yes","Yes"
"235",2008,"Minor","Yes","Yes"
"236",2008,"Minor","Yes","Yes"
"237",2008,"Minor","Yes","Yes"
"238",2008,"Major","Yes","Yes"
"239",2008,"None","Yes","Yes"
"240",2008,"None","Yes","Yes"
"241",2008,"Major","Yes","Yes"
"242",2008,"Major","Yes","Yes"
"243",2008,"None","Yes","Yes"
"244",2008,"None","Yes","Yes"
"245",2008,"Major","Yes","Yes"
"246",2008,"Minor","Yes","Yes"
"247",2008,"Major","Yes","Yes"
"248",2008,"None","Yes","Yes"
"249",2008,"Major","Yes","Yes"
"250",2008,"Major","Yes","Yes"
"251",2008,"Major","Yes","Yes"
"252",2008,"Major","Yes","Yes"
"253",2008,"Major","Yes","Yes"
"254",2009,"Fatal","Yes","Yes"
"255",2009,"Major","Yes","Yes"
"256",2009,"Minor","Yes","Yes"
"257",2009,"Minimal","Yes","Yes"
"258",2009,"Major","Yes","Yes"
"259",2009,"None","Yes","Yes"
"260",2009,"Minimal","Yes","Yes"
"261",2009,"Major","Yes","Yes"
"262",2008,"None","Yes","Yes"
"263",2008,"Major","Yes","Yes"
"264",2009,"Major","Yes","Yes"
"265",2009,"None","Yes","Yes"
"266",2009,"None","Yes","Yes"
"267",2009,"None","Yes","Yes"
"268",2009,"None","Yes","Yes"
"269",2009,"Major","Yes","Yes"
"270",2009,"Major","Yes","Yes"
"271",2009,"None","Yes","Yes"
"272",2009,"Minimal","Yes","Yes"
"273",2009,"None","Yes","Yes"
"274",2009,"None","Yes","Yes"
"275",2009,"None","Yes","Yes"
"276",2009,"Fatal","Yes","Yes"
"277",2009,"Major","Yes","Yes"
"278",2009,"Minor","Yes","Yes"
"279",2009,"Major","Yes","Yes"
"280",2009,"None","Yes","Yes"
"281",2009,"Major","Yes","Yes"
"282",2009,"Fatal","Yes","Yes"
"283",2009,"None","Yes","Yes"
"284",2009,"Minor","Yes","Yes"
"285",2009,"Major","Yes","Yes"
"286",2009,"None","Yes","Yes"
"287",2009,"Major","Yes","Yes"
"288",2009,"None","Yes","Yes"
"289",2009,"Major","Yes","Yes"
"290",2010,"Major","Yes","Yes"
"291",2010,"Minor","Yes","Yes"
"292",2010,"Minimal","Yes","Yes"
"293",2010,"None","Yes","Yes"
"294",2010,"Minimal","Yes","Yes"
"295",2010,"None","Yes","Yes"
"296",2010,"None","Yes","Yes"
"297",2010,"Minor","Yes","Yes"
"298",2009,"Major","Yes","Yes"
"299",2009,"Major","Yes","Yes"
"300",2009,"Major","Yes","Yes"
"301",2009,"Major","Yes","Yes"
"302",2010,"Major","Yes","Yes"
"303",2010,"Major","Yes","Yes"
"304",2009,"Major","Yes","Yes"
"305",2009,"Major","Yes","Yes"
"306",2009,"Major","Yes","Yes"
"307",2009,"None","Yes","Yes"
"308",2009,"Major","Yes","Yes"
"309",2010,"Major","Yes","Yes"
"310",2009,"None","Yes","Yes"
"311",2010,"None","Yes","Yes"
"312",2009,"None","Yes","Yes"
"313",2009,"None","Yes","Yes"
"314",2009,"None","Yes","Yes"
"315",2009,"None","Yes","Yes"
"316",2009,"Major","Yes","Yes"
"317",2009,"Fatal","Yes","Yes"
"318",2009,"Major","Yes","Yes"
"319",2009,"Fatal","Yes","Yes"
"320",2009,"Fatal","Yes","Yes"
"321",2009,"Minor","Yes","Yes"
"322",2010,"None","Yes","Yes"
"323",2010,"Major","Yes","Yes"
"324",2010,"Major","Yes","Yes"
"325",2010,"None","Yes","Yes"
"326",2009,"Major","Yes","Yes"
"327",2010,"None","Yes","Yes"
"328",2010,"None","Yes","Yes"
"329",2010,"Major","Yes","Yes"
"330",2010,"Major","Yes","Yes"
"331",2010,"Minor","Yes","Yes"
"332",2010,"Major","Yes","Yes"
"333",2010,"None","Yes","Yes"
"334",2010,"Major","Yes","Yes"
"335",2011,"None","Yes","Yes"
"336",2011,"Major","Yes","Yes"
"337",2010,"None","Yes","Yes"
"338",2011,"None","Yes","Yes"
"339",2010,"Major","Yes","Yes"
"340",2010,"None","Yes","Yes"
"341",2010,"None","Yes","Yes"
"342",2011,"Minor","Yes","Yes"
"343",2011,"None","Yes","Yes"
"344",2011,"Minor","Yes","Yes"
"345",2010,"None","Yes","Yes"
"346",2010,"Major","Yes","Yes"
"347",2010,"Minimal","Yes","Yes"
"348",2011,"Major","Yes","Yes"
"349",2011,"Minimal","Yes","Yes"
"350",2011,"None","Yes","Yes"
"351",2010,"Minor","Yes","Yes"
"352",2010,"Minor","Yes","Yes"
"353",2010,"None","Yes","Yes"
"354",2010,"Major","Yes","Yes"
"355",2010,"Minor","Yes","Yes"
"356",2010,"Major","Yes","Yes"
"357",2010,"Minimal","Yes","Yes"
"358",2010,"None","Yes","Yes"
"359",2010,"None","Yes","Yes"
"360",2011,"Major","Yes","Yes"
"361",2011,"None","Yes","Yes"
"362",2011,"None","Yes","Yes"
"363",2011,"Major","Yes","Yes"
"364",2011,"None","Yes","Yes"
"365",2011,"Major","Yes","Yes"
"366",2010,"Major","Yes","Yes"
"367",2010,"Major","Yes","Yes"
"368",2010,"Minimal","Yes","Yes"
"369",2010,"None","Yes","Yes"
"370",2010,"None","Yes","Yes"
"371",2010,"None","Yes","Yes"
"372",2010,"Minor","Yes","Yes"
"373",2010,"Major","Yes","Yes"
"374",2010,"Fatal","Yes","Yes"
"375",2010,"None","Yes","Yes"
"376",2010,"Minimal","Yes","Yes"
"377",2010,"None","Yes","Yes"
"378",2010,"None","Yes","Yes"
"379",2010,"None","Yes","Yes"
"380",2010,"None","Yes","Yes"
"381",2010,"Major","Yes","Yes"
"382",2010,"Major","Yes","Yes"
"383",2010,"None","Yes","Yes"
"384",2010,"Major","Yes","Yes"
"385",2010,"Major","Yes","Yes"
"386",2010,"None","Yes","Yes"
"387",2010,"None","Yes","Yes"
"388",2010,"None","Yes","Yes"
"389",2010,"None","Yes","Yes"
"390",2010,"None","Yes","Yes"
"391",2010,"Major","Yes","Yes"
"392",2010,"None","Yes","Yes"
"393",2010,"None","Yes","Yes"
"394",2010,"None","Yes","Yes"
"395",2010,"Major","Yes","Yes"
"396",2010,"Minor","Yes","Yes"
"397",2010,"Minor","Yes","Yes"
"398",2010,"Fatal","Yes","Yes"
"399",2010,"Major","Yes","Yes"
"400",2011,"None","Yes","Yes"
"401",2011,"Minor","Yes","Yes"
"402",2011,"Major","Yes","Yes"
"403",2011,"None","Yes","Yes"
"404",2012,"Major","Yes","Yes"
"405",2012,"None","Yes","Yes"
"406",2011,"Major","Yes","Yes"
"407",2011,"None","Yes","Yes"
"408",2011,"None","Yes","Yes"
"409",2011,"Minor","Yes","Yes"
"410",2012,"Minor","Yes","Yes"
"411",2012,"Minor","Yes","Yes"
"412",2012,"Major","Yes","Yes"
"413",2012,"Minor","Yes","Yes"
"414",2012,"None","Yes","Yes"
"415",2012,"Major","Yes","Yes"
"416",2011,"Major","Yes","Yes"
"417",2011,"None","Yes","Yes"
"418",2011,"None","Yes","Yes"
"419",2011,"Minimal","Yes","Yes"
"420",2011,"Minimal","Yes","Yes"
"421",2011,"None","Yes","Yes"
"422",2011,"None","Yes","Yes"
"423",2011,"None","Yes","Yes"
"424",2011,"Major","Yes","Yes"
"425",2011,"None","Yes","Yes"
"426",2011,"Major","Yes","Yes"
"427",2011,"None","Yes","Yes"
"428",2011,"Minimal","Yes","Yes"
"429",2011,"None","Yes","Yes"
"430",2011,"Major","Yes","Yes"
"431",2011,"Major","Yes","Yes"
"432",2011,"None","Yes","Yes"
"433",2011,"None","Yes","Yes"
"434",2012,"Major","Yes","Yes"
"435",2012,"None","Yes","Yes"
"436",2012,"None","Yes","Yes"
"437",2012,"Major","Yes","Yes"
"438",2012,"None","Yes","Yes"
"439",2012,"Fatal","Yes","Yes"
"440",2012,"None","Yes","Yes"
"441",2012,"Minor","Yes","Yes"
"442",2012,"None","Yes","Yes"
"443",2012,"Minimal","Yes","Yes"
"444",2012,"Major","Yes","Yes"
"445",2012,"None","Yes","Yes"
"446",2012,"Minor","Yes","Yes"
"447",2012,"None","Yes","Yes"
"448",2012,"None","Yes","Yes"
"449",2012,"Major","Yes","Yes"
"450",2012,"Major","Yes","Yes"
"451",2012,"None","Yes","Yes"
"452",2012,"Fatal","Yes","Yes"
"453",2012,"None","Yes","Yes"
"454",2012,"Minimal","Yes","Yes"
"455",2012,"None","Yes","Yes"
"456",2012,"Major","Yes","Yes"
"457",2012,"None","Yes","Yes"
"458",2012,"None","Yes","Yes"
"459",2012,"Major","Yes","Yes"
"460",2012,"None","Yes","Yes"
"461",2012,"Major","Yes","Yes"
"462",2012,"Minimal","Yes","Yes"
"463",2012,"None","Yes","Yes"
"464",2012,"Major","Yes","Yes"
"465",2012,"Major","Yes","Yes"
"466",2012,"None","Yes","Yes"
"467",2012,"Minimal","Yes","Yes"
"468",2012,"None","Yes","Yes"
"469",2012,"Major","Yes","Yes"
"470",2013,"None","Yes","Yes"
"471",2013,"None","Yes","Yes"
"472",2013,"Major","Yes","Yes"
"473",2013,"Fatal","Yes","Yes"
"474",2013,"None","Yes","Yes"
"475",2013,"Major","Yes","Yes"
"476",2013,"Minimal","Yes","Yes"
"477",2013,"Major","Yes","Yes"
"478",2013,"Minor","Yes","Yes"
"479",2013,"Minimal","Yes","Yes"
"480",2013,"None","Yes","Yes"
"481",2013,"None","Yes","Yes"
"482",2013,"None","Yes","Yes"
"483",2013,"Minimal","Yes","Yes"
"484",2013,"Minor","Yes","Yes"
"485",2013,"Minor","Yes","Yes"
"486",2013,"None","Yes","Yes"
"487",2013,"Minor","Yes","Yes"
"488",2013,"Major","Yes","Yes"
"489",2013,"None","Yes","Yes"
"490",2013,"Fatal","Yes","Yes"
"491",2014,"None","Yes","Yes"
"492",2014,"None","Yes","Yes"
"493",2014,"Major","Yes","Yes"
"494",2014,"None","Yes","Yes"
"495",2014,"Major","Yes","Yes"
"496",2014,"Major","Yes","Yes"
"497",2013,"Minimal","Yes","Yes"
"498",2014,"None","Yes","Yes"
"499",2014,"Minor","Yes","Yes"
"500",2014,"Minor","Yes","Yes"
"501",2013,"Minor","Yes","Yes"
"502",2013,"Major","Yes","Yes"
"503",2013,"Major","Yes","Yes"
"504",2013,"None","Yes","Yes"
"505",2013,"Major","Yes","Yes"
"506",2014,"Major","Yes","Yes"
"507",2014,"None","Yes","Yes"
"508",2014,"Major","Yes","Yes"
"509",2013,"Major","Yes","Yes"
"510",2014,"Major","Yes","Yes"
"511",2013,"Minimal","Yes","Yes"
"512",2013,"Major","Yes","Yes"
"513",2013,"Minor","Yes","Yes"
"514",2013,"Major","Yes","Yes"
"515",2013,"None","Yes","Yes"
"516",2013,"Major","Yes","Yes"
"517",2013,"Major","Yes","Yes"
"518",2013,"None","Yes","Yes"
"519",2013,"None","Yes","Yes"
"520",2013,"None","Yes","Yes"
"521",2013,"Fatal","Yes","Yes"
"522",2014,"Major","Yes","Yes"
"523",2014,"Major","Yes","Yes"
"524",2014,"Minor","Yes","Yes"
"525",2014,"Minor","Yes","Yes"
"526",2014,"Major","Yes","Yes"
"527",2014,"Minor","Yes","Yes"
"528",2014,"Minor","Yes","Yes"
"529",2014,"Minor","Yes","Yes"
"530",2014,"Fatal","Yes","Yes"
"531",2014,"Fatal","Yes","Yes"
"532",2014,"None","Yes","Yes"
"533",2015,"None","Yes","Yes"
"534",2015,"None","Yes","Yes"
"535",2015,"Major","Yes","Yes"
"536",2014,"Major","Yes","Yes"
"537",2014,"None","Yes","Yes"
"538",2014,"None","Yes","Yes"
"539",2014,"Major","Yes","Yes"
"540",2015,"Major","Yes","Yes"
"541",2015,"None","Yes","Yes"
"542",2015,"Major","Yes","Yes"
"543",2015,"None","Yes","Yes"
"544",2015,"None","Yes","Yes"
"545",2015,"Fatal","Yes","Yes"
"546",2015,"Major","Yes","Yes"
"547",2015,"None","Yes","Yes"
"548",2015,"Minor","Yes","Yes"
"549",2015,"Major","Yes","Yes"
"550",2015,"Major","Yes","Yes"
"551",2015,"Fatal","Yes","Yes"
"552",2015,"Major","Yes","Yes"
"553",2015,"Major","Yes","Yes"
"554",2015,"Minor","Yes","Yes"
"555",2015,"Major","Yes","Yes"
"556",2015,"Minimal","Yes","Yes"
"557",2015,"None","Yes","Yes"
"558",2015,"Minimal","Yes","Yes"
"559",2015,"Minimal","Yes","Yes"
"560",2015,"Minimal","Yes","Yes"
"561",2015,"Fatal","Yes","Yes"
"562",2015,"Minimal","Yes","Yes"
"563",2014,"Major","Yes","Yes"
"564",2014,"Minor","Yes","Yes"
"565",2014,"None","Yes","Yes"
"566",2014,"Major","Yes","Yes"
"567",2014,"Major","Yes","Yes"
"568",2016,"Minor","Yes","Yes"
"569",2016,"Minor","Yes","Yes"
"570",2016,"Fatal","Yes","Yes"
"571",2016,"None","Yes","Yes"
"572",2016,"Major","Yes","Yes"
"573",2016,"Major","Yes","Yes"
"574",2016,"Major","Yes","Yes"
"575",2016,"Minor","Yes","Yes"
"576",2015,"None","Yes","Yes"
"577",2015,"Minor","Yes","Yes"
"578",2015,"Minimal","Yes","Yes"
"579",2015,"Major","Yes","Yes"
"580",2015,"Major","Yes","Yes"
"581",2015,"Minimal","Yes","Yes"
"582",2016,"Fatal","Yes","Yes"
"583",2016,"Minor","Yes","Yes"
"584",2016,"Minor","Yes","Yes"
"585",2016,"Minor","Yes","Yes"
"586",2016,"Minor","Yes","Yes"
"587",2016,"Major","Yes","Yes"
"588",2016,"Major","Yes","Yes"
"589",2016,"None","Yes","Yes"
"590",2016,"None","Yes","Yes"
"591",2016,"Minor","Yes","Yes"
"592",2016,"Major","Yes","Yes"
"593",2016,"Major","Yes","Yes"
"594",2017,"Minimal","Yes","Yes"
"595",2017,"Major","Yes","Yes"
"596",2017,"None","Yes","Yes"
"597",2017,"Major","Yes","Yes"
"598",2017,"Major","Yes","Yes"
"599",2017,"None","Yes","Yes"
"600",2016,"Minimal","Yes","Yes"
"601",2016,"Minimal","Yes","Yes"
"602",2016,"Minimal","Yes","Yes"
"603",2016,"Minimal","Yes","Yes"
"604",2016,"Minimal","Yes","Yes"
"605",2016,"Major","Yes","Yes"
"606",2016,"Major","Yes","Yes"
"607",2016,"Minor","Yes","Yes"
"608",2017,"None","Yes","Yes"
"609",2017,"Minor","Yes","Yes"
"610",2017,"Fatal","Yes","Yes"
"611",2017,"Minor","Yes","Yes"
"612",2017,"Major","Yes","Yes"
"613",2017,"Minor","Yes","Yes"
"614",2017,"Minimal","Yes","Yes"
"615",2017,"Minor","Yes","Yes"
"616",2017,"Minimal","Yes","Yes"
"617",2017,"Major","Yes","Yes"
"618",2017,"Major","Yes","Yes"
"619",2017,"None","Yes","Yes"
"620",2017,"Minor","Yes","Yes"
"621",2017,"Major","Yes","Yes"
"622",2017,"Major","Yes","Yes"
"623",2017,"None","Yes","Yes"
"624",2017,"Major","Yes","Yes"
"625",2017,"Minor","Yes","Yes"
"626",2017,"Minimal","Yes","Yes"
"627",2016,"Major","Yes","Yes"
"628",2017,"None","Yes","Yes"
"629",2017,"Major","Yes","Yes"
"630",2017,"Minimal","Yes","Yes"
"631",2017,"Minimal","Yes","Yes"
"632",2017,"Fatal","Yes","Yes"
"633",2018,"Major","Yes","Yes"
"634",2018,"None","Yes","Yes"
"635",2018,"None","Yes","Yes"
"636",2018,"Major","Yes","Yes"
"637",2018,"Major","Yes","Yes"
"638",2018,"Major","Yes","Yes"
"639",2018,"Major","Yes","Yes"
"640",2018,"Minor","Yes","Yes"
"641",2018,"Minor","Yes","Yes"
"642",2018,"Major","Yes","Yes"
"643",2018,"Minimal","Yes","Yes"
"644",2018,"Major","Yes","Yes"
"645",2018,"None","Yes","Yes"
"646",2018,"Fatal","Yes","Yes"
"647",2017,"None","Yes","Yes"
"648",2017,"Fatal","Yes","Yes"
"649",2017,"Fatal","Yes","Yes"
"650",2017,"None","Yes","Yes"
"651",2018,"Major","Yes","Yes"
"652",2018,"None","Yes","Yes"
"653",2018,"None","Yes","Yes"
"654",2018,"Fatal","Yes","Yes"
"655",2018,"None","Yes","Yes"
"656",2018,"None","Yes","Yes"
"657",2018,"Major","Yes","Yes"
"658",2018,"Minimal","Yes","Yes"
"659",2018,"Major","Yes","Yes"
"660",2018,"Minor","Yes","Yes"
"661",2018,"None","Yes","Yes"
"662",2018,"Fatal","Yes","Yes"
"663",2018,"Major","Yes","Yes"
"664",2018,"Minor","Yes","Yes"
"665",2018,"Minimal","Yes","Yes"
"666",2019,"Major","Yes","Yes"
"667",2019,"Major","Yes","Yes"
"668",2019,"None","Yes","Yes"
"669",2019,"Major","Yes","Yes"
"670",2019,"None","Yes","Yes"
"671",2019,"Minimal","Yes","Yes"
"672",2019,"None","Yes","Yes"
"673",2019,"Major","Yes","Yes"
"674",2019,"None","Yes","Yes"
"675",2019,"Major","Yes","Yes"
"676",2019,"Major","Yes","Yes"
"677",2019,"None","Yes","Yes"
"678",2018,"Major","Yes","Yes"
"679",2018,"Minor","Yes","Yes"
"680",2018,"None","Yes","Yes"
"681",2018,"Major","Yes","Yes"
"682",2018,"Minor","Yes","Yes"
"683",2018,"Minor","Yes","Yes"
"684",2019,"Minor","Yes","Yes"
"685",2019,"Minor","Yes","Yes"
"686",2019,"Major","Yes","Yes"
"687",2019,"Minor","Yes","Yes"
"688",2019,"Minor","Yes","Yes"
"689",2019,"Minor","Yes","Yes"
"690",2019,"None","Yes","Yes"
"691",2019,"Major","Yes","Yes"
"692",2019,"Minimal","Yes","Yes"
"693",2019,"Minimal","Yes","Yes"
"694",2019,"Minimal","Yes","Yes"
"695",2019,"Major","Yes","Yes"
"696",2019,"None","Yes","Yes"
"697",2019,"Major","Yes","Yes"
"698",2019,"Major","Yes","Yes"
"699",2019,"Major","Yes","Yes"
"700",2019,"Minor","Yes","Yes"
"701",2019,"Minor","Yes","Yes"
"702",2019,"Major","Yes","Yes"
"703",2019,"Major","Yes","Yes"
"704",2019,"Major","Yes","Yes"
"705",2019,"Fatal","Yes","Yes"
"706",2019,"Major","Yes","Yes"
"707",2019,"Fatal","Yes","Yes"
"708",2019,"Minimal","Yes","Yes"
"709",2020,"None","Yes","Yes"
"710",2020,"Fatal","Yes","Yes"
"711",2020,"Minimal","Yes","Yes"
"712",2020,"Major","Yes","Yes"
"713",2020,"Major","Yes","Yes"
"714",2020,"Major","Yes","Yes"
"715",2020,"None","Yes","Yes"
"716",2020,"Major","Yes","Yes"
"717",2020,"Major","Yes","Yes"
"718",2020,"None","Yes","Yes"
"719",2019,"None","Yes","Yes"
"720",2019,"None","Yes","Yes"
"721",2019,"Major","Yes","Yes"
"722",2019,"Major","Yes","Yes"
"723",2021,"Major","Yes","Yes"
"724",2020,"None","Yes","Yes"
"725",2020,"Minimal","Yes","Yes"
"726",2020,"Major","Yes","Yes"
"727",2020,"Major","Yes","Yes"
"728",2020,"Major","Yes","Yes"
"729",2020,"Major","Yes","Yes"
"730",2021,"Major","Yes","Yes"
"731",2021,"Minor","Yes","Yes"
"732",2021,"Minor","Yes","Yes"
"733",2021,"Minor","Yes","Yes"
"734",2021,"Minor","Yes","Yes"
"735",2020,"Major","Yes","Yes"
"736",2020,"Minor","Yes","Yes"
"737",2020,"Major","Yes","Yes"
"738",2020,"Minor","Yes","Yes"
"739",2021,"Major","Yes","Yes"
"740",2021,"None","Yes","Yes"
"741",2021,"Minor","Yes","Yes"
"742",2021,"Minor","Yes","Yes"
"743",2021,"Major","Yes","Yes"
"744",2021,"None","Yes","Yes"
"745",2021,"Fatal","Yes","Yes"
"746",2021,"None","Yes","Yes"
"747",2021,"Fatal","Yes","Yes"
"748",2021,"None","Yes","Yes"
"749",2021,"Major","Yes","Yes"
"750",2021,"None","Yes","Yes"
"751",2021,"Major","Yes","Yes"
"752",2021,"Minor","Yes","Yes"
"753",2021,"Minor","Yes","Yes"
"754",2021,"None","Yes","Yes"
"755",2021,"Major","Yes","Yes"
